{
  "KeyBERT": {
    "cand_recall@20": 0.17073665134464627,
    "cand_recall@50": 0.22165888762354785,
    "cand_recall@100": 0.22165888762354785
  },
  "Generator": {
    "cand_recall@20": 0.4121997969110511,
    "cand_recall@50": 0.4197250716722243,
    "cand_recall@100": 0.4197250716722243
  },
  "Union": {
    "cand_recall@20": 0.4210647838809643,
    "cand_recall@50": 0.4637437152587594,
    "cand_recall@100": 0.4660419906658215
  }
}